name,registrationNumber,registrationYear,registeredCouncil,qualifications,specialization,subSpecialization,state,city,district,hospitalOrClinic,clinicAddress,consultationFee,phone,email,availableDays,availableTimeSlots,appointmentBookingAvailable,dataSource,sourceUrl,verificationStatus
"Ahuja N K","100","","Madhya Pradesh Medical Council","","","","Madhya Pradesh","","","","","","","","","","false","NMC Indian Medical Register - Madhya Pradesh Medical Council","https://www.nmc.org.in/information-desk/indian-medical-register/","verified"
"Gupta Bankat Lal","10060","","Madhya Pradesh Medical Council","","","","Madhya Pradesh","","","","","","","","","","false","NMC Indian Medical Register - Madhya Pradesh Medical Council","https://www.nmc.org.in/information-desk/indian-medical-register/","verified"
"Pahwa P N","101","","Madhya Pradesh Medical Council","","","","Madhya Pradesh","","","","","","","","","","false","NMC Indian Medical Register - Madhya Pradesh Medical Council","https://www.nmc.org.in/information-desk/indian-medical-register/","verified"
"Maheshwari Kalyan Mal","102","","Madhya Pradesh Medical Council","","","","Madhya Pradesh","","","","","","","","","","false","NMC Indian Medical Register - Madhya Pradesh Medical Council","https://www.nmc.org.in/information-desk/indian-medical-register/","verified"
"Krishnalal Koshley","10224","","Madhya Pradesh Medical Council","","","","Madhya Pradesh","","","","","","","","","","false","NMC Indian Medical Register - Madhya Pradesh Medical Council","https://www.nmc.org.in/information-desk/indian-medical-register/","verified"
"Dr. Manjula Gupta","MP-11669","","Madhya Pradesh Medical Council","MD-MEDICINE","Medicine","","Madhya Pradesh","Bhopal","","Gandhi Medical College Bhopal","","","","","","","false","Gandhi Medical College Bhopal - Official Faculty Directory","https://www.gmcbhopal.net/en/faculty-medicine/dr-manjula-gupta","verified"
"Dr. Simmi Dube","MP-10965","","Madhya Pradesh Medical Council","MD-MEDICINE","Medicine","","Madhya Pradesh","Bhopal","","Gandhi Medical College Bhopal","","","","","","","false","Gandhi Medical College Bhopal - Official Faculty Directory","https://www.gmcbhopal.net/en/faculty-medicine/dr-simmi-dube","verified"
"Dr. Anita Arya","MP-12967","","Madhya Pradesh Medical Council","MD-MEDICINE","Medicine","","Madhya Pradesh","Bhopal","","Gandhi Medical College Bhopal","","","","","","","false","Gandhi Medical College Bhopal - Official Faculty Directory","https://www.gmcbhopal.net/en/faculty-medicine/dr-anita-arya","verified"
"Dr. Pranay Dhurvey","MP-1206","","Madhya Pradesh Medical Council","MD-MEDICINE","Medicine","","Madhya Pradesh","Bhopal","","Gandhi Medical College Bhopal","","","","","","","false","Gandhi Medical College Bhopal - Official Faculty Directory","https://www.gmcbhopal.net/en/faculty-medicine/dr-pranay-dhurvey","verified"
"Dr. Kuldeep Deopujari","MP-13939","","Madhya Pradesh Medical Council","MD-MEDICINE","Medicine","","Madhya Pradesh","Bhopal","","Gandhi Medical College Bhopal","","","","","","","false","Gandhi Medical College Bhopal - Official Faculty Directory","https://www.gmcbhopal.net/en/faculty-medicine/dr-kuldeep-deopujari","verified"
"Dr. Vijay Kumar Nandmer","MP-1957","","Madhya Pradesh Medical Council","DM Neurology","Medicine","","Madhya Pradesh","Bhopal","","Gandhi Medical College Bhopal","","","","","","","false","Gandhi Medical College Bhopal - Official Faculty Directory","https://www.gmcbhopal.net/en/faculty-medicine/dr-vijay-kumar-nandmer","verified"
"Dr. Himanshu Sharma","MP-4664","","Madhya Pradesh Medical Council","DM-Nephrology","Medicine","","Madhya Pradesh","Bhopal","","Gandhi Medical College Bhopal","","","","","","","false","Gandhi Medical College Bhopal - Official Faculty Directory","https://www.gmcbhopal.net/en/faculty-medicine/himanshu-sharma","verified"
"Dr. Manuj Sharma","MP-13824","","Madhya Pradesh Medical Council","DM-Endocrinology","Medicine","","Madhya Pradesh","Bhopal","","Gandhi Medical College Bhopal","","","","","","","false","Gandhi Medical College Bhopal - Official Faculty Directory","https://www.gmcbhopal.net/en/faculty-medicine/manuj-sharma","verified"
"Dr. Rakesh Singh Jagat","MP-3443","","Madhya Pradesh Medical Council","MD-MEDICINE","Medicine","","Madhya Pradesh","Bhopal","","Gandhi Medical College Bhopal","","","","","","","false","Gandhi Medical College Bhopal - Official Faculty Directory","https://www.gmcbhopal.net/en/faculty-medicine/dr-rakesh-singh-jagat","verified"
"Dr. Ram Singh Maniram","MP-4273","","Madhya Pradesh Medical Council","MD-MEDICINE","Medicine","","Madhya Pradesh","Bhopal","","Gandhi Medical College Bhopal","","","","","","","false","Gandhi Medical College Bhopal - Official Faculty Directory","https://www.gmcbhopal.net/en/faculty-medicine/dr-ram-singh-maniram","verified"
"Dr. Arvind Rai","MP-8677","","Madhya Pradesh Medical Council","M.S (General Surgery)","General Surgery","","Madhya Pradesh","Bhopal","","Gandhi Medical College Bhopal","","","","","","","false","Gandhi Medical College Bhopal - Official Faculty Directory","https://www.gmcbhopal.net/en/faculty-surgery/dr-arvind-rai","verified"
"Dr. Sudhir Singh Pal","MP-13940","","Madhya Pradesh Medical Council","M.S (General Surgery)","General Surgery","","Madhya Pradesh","Bhopal","","Gandhi Medical College Bhopal","","","","","","","false","Gandhi Medical College Bhopal - Official Faculty Directory","https://www.gmcbhopal.net/en/faculty-surgery/dr-sudhir-singh","verified"
"Dr. Mahim Koshariya","MP440","","Madhya Pradesh Medical Council","M.S (General Surgery)","General Surgery","","Madhya Pradesh","Bhopal","","Gandhi Medical College Bhopal","","","","","","","false","Gandhi Medical College Bhopal - Official Faculty Directory","https://www.gmcbhopal.net/en/faculty-surgery/dr-mahim-koshariya","verified"
"Dr. Yashpal Ramole","MP13809","","Madhya Pradesh Medical Council","M.S (General Surgery) Mch Urology","General Surgery","","Madhya Pradesh","Bhopal","","Gandhi Medical College Bhopal","","","","","","","false","Gandhi Medical College Bhopal - Official Faculty Directory","https://www.gmcbhopal.net/en/faculty-surgery/dr-yashpal-ramole","verified"
"Dr. Sanjay Kumar Jain","MP-33770","","Madhya Pradesh Medical Council","M.S(GENERAL SURGERY)","General Surgery","","Madhya Pradesh","Bhopal","","Gandhi Medical College Bhopal","","","","","","","false","Gandhi Medical College Bhopal - Official Faculty Directory","https://www.gmcbhopal.net/en/faculty-surgery/dr-sanjay-kumar-jain","verified"
"Dr. Samir Shukla","MP-12214","","Madhya Pradesh Medical Council","M.S(GENERAL SURGERY)","General Surgery","","Madhya Pradesh","Bhopal","","Gandhi Medical College Bhopal","","","","","","","false","Gandhi Medical College Bhopal - Official Faculty Directory","https://www.gmcbhopal.net/en/faculty-surgery/dr-samir-shukla","verified"
"Dr. Devendra Choudhary","MP-14353","","Madhya Pradesh Medical Council","M.S(GENERAL SURGERY)","General Surgery","","Madhya Pradesh","Bhopal","","Gandhi Medical College Bhopal","","","","","","","false","Gandhi Medical College Bhopal - Official Faculty Directory","https://www.gmcbhopal.net/en/faculty-surgery/dr-devendra-choudhary","verified"
"Dr. Vijay Tekam","MP-9328","","Madhya Pradesh Medical Council","M.S(GENERAL SURGERY)","General Surgery","","Madhya Pradesh","Bhopal","","Gandhi Medical College Bhopal","","","","","","","false","Gandhi Medical College Bhopal - Official Faculty Directory","https://www.gmcbhopal.net/en/faculty-surgery/dr-vijay-tekam","verified"
"Dr. Anuradha Choudhary","MP-74","","Madhya Pradesh Medical Council","M.S(GENERAL SURGERY)","General Surgery","","Madhya Pradesh","Bhopal","","Gandhi Medical College Bhopal","","","","","","","false","Gandhi Medical College Bhopal - Official Faculty Directory","https://www.gmcbhopal.net/en/faculty-surgery/dr-anuradha-choudhary","verified"
"Dr. Surendra K Shrivastav","MP-2497","","Madhya Pradesh Medical Council","M.S(GENERAL SURGERY)","General Surgery","","Madhya Pradesh","Bhopal","","Gandhi Medical College Bhopal","","","","","","","false","Gandhi Medical College Bhopal - Official Faculty Directory","https://www.gmcbhopal.net/en/faculty-surgery/dr-surendra-k-shrivastav","verified"
