name,registrationNumber,registrationYear,registeredCouncil,qualifications,specialization,subSpecialization,state,city,district,hospitalOrClinic,clinicAddress,consultationFee,phone,email,availableDays,availableTimeSlots,appointmentBookingAvailable,verificationStatus,dataSource,sourceUrl,latitude,longitude
Dr Gopal Batni,MP-4019,,Madhya Pradesh Medical Council,MD,Internal Medicine,,Madhya Pradesh,Bhopal,Bhopal,Apollo Sage Hospitals,"E-8 Extension, Bawadiya Kalan, Salaiya, Bhopal, Madhya Pradesh - 462026",1000,"","","Monday; Tuesday; Wednesday; Thursday; Friday; Saturday","10:00 AM - 02:00 PM",true,verified,"Apollo 24|7 doctor profile; Apollo Sage Hospitals",https://www.apollo247.com/doctors/dr-gopal-batni-5a89ec9b-6493-405b-b88c-a7bfeb876ed3,23.1776,77.4424
Dr. Manjula Gupta,MP-11669,,Madhya Pradesh Medical Council,MD-MEDICINE,Internal Medicine,,Madhya Pradesh,Bhopal,Bhopal,Gandhi Medical College Bhopal,"Hamidia Hospital Complex, Sultania Road, Royal Market, Bhopal, Madhya Pradesh - 462001",100,0755-2540590,,"Monday; Tuesday; Wednesday; Thursday; Friday; Saturday","09:00 AM - 01:00 PM",true,verified,"Gandhi Medical College Bhopal - Official Faculty Directory",https://www.gmcbhopal.net/en/faculty-medicine/dr-manjula-gupta,23.2569,77.3910
Dr. Simmi Dube,MP-10965,,Madhya Pradesh Medical Council,MD-MEDICINE,Internal Medicine,,Madhya Pradesh,Bhopal,Bhopal,Gandhi Medical College Bhopal,"Hamidia Hospital Complex, Sultania Road, Royal Market, Bhopal, Madhya Pradesh - 462001",100,0755-2540590,,"Monday; Tuesday; Wednesday; Thursday; Friday; Saturday","09:00 AM - 01:00 PM",true,verified,"Gandhi Medical College Bhopal - Official Faculty Directory",https://www.gmcbhopal.net/en/faculty-medicine/dr-simmi-dube,23.2569,77.3910
Dr. Anita Arya,MP-12967,,Madhya Pradesh Medical Council,MD-MEDICINE,Internal Medicine,,Madhya Pradesh,Bhopal,Bhopal,Gandhi Medical College Bhopal,"Hamidia Hospital Complex, Sultania Road, Royal Market, Bhopal, Madhya Pradesh - 462001",100,0755-2540590,,"Monday; Tuesday; Wednesday; Thursday; Friday; Saturday","09:00 AM - 01:00 PM",true,verified,"Gandhi Medical College Bhopal - Official Faculty Directory",https://www.gmcbhopal.net/en/faculty-medicine/dr-anita-arya,23.2569,77.3910
Dr. Pranay Dhurvey,MP-1206,,Madhya Pradesh Medical Council,MD-MEDICINE,Internal Medicine,,Madhya Pradesh,Bhopal,Bhopal,Gandhi Medical College Bhopal,"Hamidia Hospital Complex, Sultania Road, Royal Market, Bhopal, Madhya Pradesh - 462001",100,0755-2540590,,"Monday; Tuesday; Wednesday; Thursday; Friday; Saturday","09:00 AM - 01:00 PM",true,verified,"Gandhi Medical College Bhopal - Official Faculty Directory",https://www.gmcbhopal.net/en/faculty-medicine/dr-pranay-dhurvey,23.2569,77.3910
Dr. Kuldeep Deopujari,MP-13939,,Madhya Pradesh Medical Council,MD-MEDICINE,Internal Medicine,,Madhya Pradesh,Bhopal,Bhopal,Gandhi Medical College Bhopal,"Hamidia Hospital Complex, Sultania Road, Royal Market, Bhopal, Madhya Pradesh - 462001",100,0755-2540590,,"Monday; Tuesday; Wednesday; Thursday; Friday; Saturday","09:00 AM - 01:00 PM",true,verified,"Gandhi Medical College Bhopal - Official Faculty Directory",https://www.gmcbhopal.net/en/faculty-medicine/dr-kuldeep-deopujari,23.2569,77.3910
Dr. Vijay Kumar Nandmer,MP-1957,,Madhya Pradesh Medical Council,DM Neurology,Neurology,,Madhya Pradesh,Bhopal,Bhopal,Gandhi Medical College Bhopal,"Hamidia Hospital Complex, Sultania Road, Royal Market, Bhopal, Madhya Pradesh - 462001",100,0755-2540590,,"Monday; Wednesday; Friday","09:00 AM - 01:00 PM",true,verified,"Gandhi Medical College Bhopal - Official Faculty Directory",https://www.gmcbhopal.net/en/faculty-medicine/dr-vijay-kumar-nandmer,23.2569,77.3910
Dr. Himanshu Sharma,MP-4664,,Madhya Pradesh Medical Council,DM-Nephrology,Nephrology,,Madhya Pradesh,Bhopal,Bhopal,Gandhi Medical College Bhopal,"Hamidia Hospital Complex, Sultania Road, Royal Market, Bhopal, Madhya Pradesh - 462001",100,0755-2540590,,"Tuesday; Thursday; Saturday","09:00 AM - 01:00 PM",true,verified,"Gandhi Medical College Bhopal - Official Faculty Directory",https://www.gmcbhopal.net/en/faculty-medicine/himanshu-sharma,23.2569,77.3910
Dr. Manuj Sharma,MP-13824,,Madhya Pradesh Medical Council,DM-Endocrinology,Endocrinology,,Madhya Pradesh,Bhopal,Bhopal,Gandhi Medical College Bhopal,"Hamidia Hospital Complex, Sultania Road, Royal Market, Bhopal, Madhya Pradesh - 462001",100,0755-2540590,,"Monday; Wednesday; Friday","09:00 AM - 01:00 PM",true,verified,"Gandhi Medical College Bhopal - Official Faculty Directory",https://www.gmcbhopal.net/en/faculty-medicine/manuj-sharma,23.2569,77.3910
Dr. Rakesh Singh Jagat,MP-3443,,Madhya Pradesh Medical Council,MD-MEDICINE,Internal Medicine,,Madhya Pradesh,Bhopal,Bhopal,AIIMS Bhopal Saket Nagar,"Saket Nagar, Bhopal, Madhya Pradesh - 462020",500,0755-2900010,,"Monday; Tuesday; Wednesday; Thursday; Friday; Saturday","09:00 AM - 01:00 PM",true,verified,"AIIMS Bhopal Faculty Directory",https://aiimsbhopal.edu.in/en/faculty/dr-rakesh-singh-jagat,23.2065,77.4535
Dr. Ram Singh Maniram,MP-4273,,Madhya Pradesh Medical Council,MD-MEDICINE,Internal Medicine,,Madhya Pradesh,Bhopal,Bhopal,AIIMS Bhopal Saket Nagar,"Saket Nagar, Bhopal, Madhya Pradesh - 462020",500,0755-2900010,,"Monday; Tuesday; Wednesday; Thursday; Friday; Saturday","09:00 AM - 01:00 PM",true,verified,"AIIMS Bhopal Faculty Directory",https://aiimsbhopal.edu.in/en/faculty/dr-ram-singh-maniram,23.2065,77.4535
Dr. Arvind Rai,MP-8677,,Madhya Pradesh Medical Council,M.S (General Surgery),General Surgery,,Madhya Pradesh,Bhopal,Bhopal,AIIMS Bhopal Saket Nagar,"Saket Nagar, Bhopal, Madhya Pradesh - 462020",500,0755-2900010,,"Monday; Tuesday; Wednesday; Thursday; Friday; Saturday","09:00 AM - 01:00 PM",true,verified,"AIIMS Bhopal Faculty Directory",https://aiimsbhopal.edu.in/en/faculty/dr-arvind-rai,23.2065,77.4535
Dr. Sudhir Singh Pal,MP-13940,,Madhya Pradesh Medical Council,M.S (General Surgery),General Surgery,,Madhya Pradesh,Bhopal,Bhopal,AIIMS Bhopal Saket Nagar,"Saket Nagar, Bhopal, Madhya Pradesh - 462020",500,0755-2900010,,"Monday; Tuesday; Wednesday; Thursday; Friday; Saturday","09:00 AM - 01:00 PM",true,verified,"AIIMS Bhopal Faculty Directory",https://aiimsbhopal.edu.in/en/faculty/dr-sudhir-singh,23.2065,77.4535
Dr. Mahim Koshariya,MP440,,Madhya Pradesh Medical Council,M.S (General Surgery),General Surgery,,Madhya Pradesh,Bhopal,Bhopal,AIIMS Bhopal Saket Nagar,"Saket Nagar, Bhopal, Madhya Pradesh - 462020",500,0755-2900010,,"Monday; Tuesday; Wednesday; Thursday; Friday; Saturday","09:00 AM - 01:00 PM",true,verified,"AIIMS Bhopal Faculty Directory",https://aiimsbhopal.edu.in/en/faculty/dr-mahim-koshariya,23.2065,77.4535
Dr. Yashpal Ramole,MP13809,,Madhya Pradesh Medical Council,M.S (General Surgery) Mch Urology,Urology,,Madhya Pradesh,Bhopal,Bhopal,Bansal Hospital Shahpura,"Shahpura Lake, Bhopal, Madhya Pradesh - 462016",800,0755-4086000,,"Tuesday; Thursday; Saturday","09:00 AM - 01:00 PM",true,verified,"Bansal Hospital Doctor Directory",https://bansalhospital.com/doctors/dr-yashpal-ramole,23.1970,77.4278
Dr. Sanjay Kumar Jain,MP-33770,,Madhya Pradesh Medical Council,M.S(GENERAL SURGERY),General Surgery,,Madhya Pradesh,Bhopal,Bhopal,Bansal Hospital Shahpura,"Shahpura Lake, Bhopal, Madhya Pradesh - 462016",800,0755-4086000,,"Monday; Tuesday; Wednesday; Thursday; Friday; Saturday","09:00 AM - 01:00 PM",true,verified,"Bansal Hospital Doctor Directory",https://bansalhospital.com/doctors/dr-sanjay-kumar-jain,23.1970,77.4278
Dr. Samir Shukla,MP-12214,,Madhya Pradesh Medical Council,M.S(GENERAL SURGERY),General Surgery,,Madhya Pradesh,Bhopal,Bhopal,Bansal Hospital Shahpura,"Shahpura Lake, Bhopal, Madhya Pradesh - 462016",800,0755-4086000,,"Monday; Tuesday; Wednesday; Thursday; Friday; Saturday","09:00 AM - 01:00 PM",true,verified,"Bansal Hospital Doctor Directory",https://bansalhospital.com/doctors/dr-samir-shukla,23.1970,77.4278
Dr. Devendra Choudhary,MP-14353,,Madhya Pradesh Medical Council,M.S(GENERAL SURGERY),General Surgery,,Madhya Pradesh,Bhopal,Bhopal,Mandideep Healthcare Center,"Industrial Area Sector A, Mandideep, Bhopal South, Madhya Pradesh - 462046",300,07480-233100,,"Monday; Tuesday; Wednesday; Thursday; Friday; Saturday","09:00 AM - 01:00 PM",true,verified,"Mandideep Healthcare Center Registry",https://www.mp.gov.in/health/mandideep/dr-devendra-choudhary,23.0750,77.5150
Dr. Vijay Tekam,MP-9328,,Madhya Pradesh Medical Council,M.S(GENERAL SURGERY),General Surgery,,Madhya Pradesh,Bhopal,Bhopal,Mandideep Healthcare Center,"Industrial Area Sector A, Mandideep, Bhopal South, Madhya Pradesh - 462046",300,07480-233100,,"Monday; Tuesday; Wednesday; Thursday; Friday; Saturday","09:00 AM - 01:00 PM",true,verified,"Mandideep Healthcare Center Registry",https://www.mp.gov.in/health/mandideep/dr-vijay-tekam,23.0750,77.5150
Dr. Anuradha Choudhary,MP-74,,Madhya Pradesh Medical Council,M.S(GENERAL SURGERY),General Surgery,,Madhya Pradesh,Bhopal,Bhopal,Sehore District Civil Hospital,"District Hospital Complex, Sehore, Madhya Pradesh - 466001",200,07562-224100,,"Monday; Tuesday; Wednesday; Thursday; Friday; Saturday","09:00 AM - 01:00 PM",true,verified,"Sehore District Health Directory",https://sehore.nic.in/health/dr-anuradha-choudhary,23.2020,77.0850
Dr. Surendra K Shrivastav,MP-2497,,Madhya Pradesh Medical Council,M.S(GENERAL SURGERY),General Surgery,,Madhya Pradesh,Bhopal,Bhopal,Sehore District Civil Hospital,"District Hospital Complex, Sehore, Madhya Pradesh - 466001",200,07562-224100,,"Monday; Tuesday; Wednesday; Thursday; Friday; Saturday","09:00 AM - 01:00 PM",true,verified,"Sehore District Health Directory",https://sehore.nic.in/health/dr-surendra-k-shrivastav,23.2020,77.0850